-- Seed users
insert into users (
  id,
  email,
  full_name,
  role,
  location_state,
  location_district,
  crop_types,
  farm_size_acres,
  phone,
  plan,
  is_active
)
values
  (
    '11111111-1111-1111-1111-111111111111',
    'farmer@aglen.example',
    'Ravi Kumar',
    'farmer',
    'Karnataka',
    'Mysuru',
    array['tomato', 'potato'],
    6.5,
    '+91-9000000001',
    'free',
    true
  ),
  (
    '22222222-2222-2222-2222-222222222222',
    'agronomist@aglen.example',
    'Meera Nair',
    'agronomist',
    'Tamil Nadu',
    'Coimbatore',
    array['pepper', 'tomato'],
    0,
    '+91-9000000002',
    'pro',
    true
  ),
  (
    '33333333-3333-3333-3333-333333333333',
    'admin@aglen.example',
    'Admin User',
    'admin',
    'Maharashtra',
    'Pune',
    array[]::text[],
    0,
    '+91-9000000003',
    'pro',
    true
  )
on conflict (email) do update
set
  full_name = excluded.full_name,
  role = excluded.role,
  location_state = excluded.location_state,
  location_district = excluded.location_district,
  crop_types = excluded.crop_types,
  farm_size_acres = excluded.farm_size_acres,
  phone = excluded.phone,
  plan = excluded.plan,
  is_active = excluded.is_active,
  last_active_at = now();

-- Seed scans (10 records, varied disease classes and states in weather_at_scan).
insert into scans (
  id,
  user_id,
  image_url,
  heatmap_url,
  predicted_class,
  confidence,
  top5,
  activation_summary,
  crop_type,
  growth_stage,
  weather_at_scan,
  location_lat,
  location_lng,
  feedback,
  corrected_class,
  created_at
)
values
  (
    'a0000000-0000-0000-0000-000000000001',
    '11111111-1111-1111-1111-111111111111',
    'https://cdn.aglen.dev/scans/scan-001.jpg',
    'https://cdn.aglen.dev/heatmaps/scan-001.jpg',
    'Tomato___Late_blight',
    0.96,
    '[{"class":"Tomato___Late_blight","confidence":0.96},{"class":"Tomato___Early_blight","confidence":0.02}]',
    'Strong lesion activation around leaf edges.',
    'tomato',
    'vegetative',
    '{"state":"Karnataka","district":"Mysuru","temp_c":29,"humidity":74}',
    12.2958,
    76.6394,
    'confirmed',
    null,
    now() - interval '10 days'
  ),
  (
    'a0000000-0000-0000-0000-000000000002',
    '11111111-1111-1111-1111-111111111111',
    'https://cdn.aglen.dev/scans/scan-002.jpg',
    'https://cdn.aglen.dev/heatmaps/scan-002.jpg',
    'Potato___Early_blight',
    0.89,
    '[{"class":"Potato___Early_blight","confidence":0.89},{"class":"Potato___Late_blight","confidence":0.06}]',
    'Activation highlights scattered concentric spots.',
    'potato',
    'flowering',
    '{"state":"Karnataka","district":"Mandya","temp_c":30,"humidity":68}',
    12.5223,
    76.8958,
    'unsure',
    null,
    now() - interval '9 days'
  ),
  (
    'a0000000-0000-0000-0000-000000000003',
    '11111111-1111-1111-1111-111111111111',
    'https://cdn.aglen.dev/scans/scan-003.jpg',
    null,
    'Tomato___Leaf_Mold',
    0.84,
    '[{"class":"Tomato___Leaf_Mold","confidence":0.84},{"class":"Tomato___Target_Spot","confidence":0.09}]',
    'Moderate activation on lower canopy leaves.',
    'tomato',
    'fruiting',
    '{"state":"Tamil Nadu","district":"Erode","temp_c":31,"humidity":79}',
    11.341,
    77.7172,
    'wrong',
    'Tomato___Target_Spot',
    now() - interval '8 days'
  ),
  (
    'a0000000-0000-0000-0000-000000000004',
    '22222222-2222-2222-2222-222222222222',
    'https://cdn.aglen.dev/scans/scan-004.jpg',
    'https://cdn.aglen.dev/heatmaps/scan-004.jpg',
    'Pepper__bell___Bacterial_spot',
    0.92,
    '[{"class":"Pepper__bell___Bacterial_spot","confidence":0.92},{"class":"Pepper__bell___healthy","confidence":0.04}]',
    'High-response zones around small dark lesions.',
    'pepper',
    'vegetative',
    '{"state":"Tamil Nadu","district":"Coimbatore","temp_c":28,"humidity":70}',
    11.0168,
    76.9558,
    'confirmed',
    null,
    now() - interval '7 days'
  ),
  (
    'a0000000-0000-0000-0000-000000000005',
    '22222222-2222-2222-2222-222222222222',
    'https://cdn.aglen.dev/scans/scan-005.jpg',
    null,
    'Tomato___Septoria_leaf_spot',
    0.87,
    '[{"class":"Tomato___Septoria_leaf_spot","confidence":0.87},{"class":"Tomato___healthy","confidence":0.05}]',
    'Dense activation around circular necrotic spots.',
    'tomato',
    'fruiting',
    '{"state":"Maharashtra","district":"Pune","temp_c":27,"humidity":76}',
    18.5204,
    73.8567,
    'confirmed',
    null,
    now() - interval '6 days'
  ),
  (
    'a0000000-0000-0000-0000-000000000006',
    '22222222-2222-2222-2222-222222222222',
    'https://cdn.aglen.dev/scans/scan-006.jpg',
    'https://cdn.aglen.dev/heatmaps/scan-006.jpg',
    'Potato___Late_blight',
    0.93,
    '[{"class":"Potato___Late_blight","confidence":0.93},{"class":"Potato___Early_blight","confidence":0.03}]',
    'Focused activation on water-soaked lesion areas.',
    'potato',
    'vegetative',
    '{"state":"Maharashtra","district":"Nashik","temp_c":26,"humidity":83}',
    19.9975,
    73.7898,
    'unsure',
    null,
    now() - interval '5 days'
  ),
  (
    'a0000000-0000-0000-0000-000000000007',
    '11111111-1111-1111-1111-111111111111',
    'https://cdn.aglen.dev/scans/scan-007.jpg',
    'https://cdn.aglen.dev/heatmaps/scan-007.jpg',
    'Tomato___Spider_mites Two-spotted_spider_mite',
    0.82,
    '[{"class":"Tomato___Spider_mites Two-spotted_spider_mite","confidence":0.82},{"class":"Tomato___Yellow_Leaf_Curl_Virus","confidence":0.1}]',
    'Activation around stippling and webbing regions.',
    'tomato',
    'flowering',
    '{"state":"Andhra Pradesh","district":"Chittoor","temp_c":32,"humidity":61}',
    13.2172,
    79.1003,
    null,
    null,
    now() - interval '4 days'
  ),
  (
    'a0000000-0000-0000-0000-000000000008',
    '22222222-2222-2222-2222-222222222222',
    'https://cdn.aglen.dev/scans/scan-008.jpg',
    null,
    'Tomato___healthy',
    0.91,
    '[{"class":"Tomato___healthy","confidence":0.91},{"class":"Tomato___Early_blight","confidence":0.03}]',
    'Diffuse low activation, mostly healthy tissue.',
    'tomato',
    'vegetative',
    '{"state":"Telangana","district":"Warangal","temp_c":33,"humidity":58}',
    17.9689,
    79.5941,
    'confirmed',
    null,
    now() - interval '3 days'
  ),
  (
    'a0000000-0000-0000-0000-000000000009',
    '11111111-1111-1111-1111-111111111111',
    'https://cdn.aglen.dev/scans/scan-009.jpg',
    'https://cdn.aglen.dev/heatmaps/scan-009.jpg',
    'Potato___healthy',
    0.88,
    '[{"class":"Potato___healthy","confidence":0.88},{"class":"Potato___Early_blight","confidence":0.07}]',
    'Low localized activation, likely noise.',
    'potato',
    'tuber initiation',
    '{"state":"Uttar Pradesh","district":"Agra","temp_c":34,"humidity":52}',
    27.1767,
    78.0081,
    null,
    null,
    now() - interval '2 days'
  ),
  (
    'a0000000-0000-0000-0000-000000000010',
    '22222222-2222-2222-2222-222222222222',
    'https://cdn.aglen.dev/scans/scan-010.jpg',
    'https://cdn.aglen.dev/heatmaps/scan-010.jpg',
    'Tomato___Bacterial_spot',
    0.9,
    '[{"class":"Tomato___Bacterial_spot","confidence":0.9},{"class":"Tomato___Septoria_leaf_spot","confidence":0.05}]',
    'Distinct activation at lesion cluster boundaries.',
    'tomato',
    'fruiting',
    '{"state":"Karnataka","district":"Belagavi","temp_c":29,"humidity":66}',
    15.8497,
    74.4977,
    'unsure',
    null,
    now() - interval '1 day'
  )
on conflict (id) do nothing;

-- Seed disease alerts (critical, medium, low).
insert into disease_alerts (
  id,
  disease_class,
  severity,
  affected_district,
  affected_state,
  case_count,
  first_detected_at,
  last_updated_at,
  is_active,
  advisory_text
)
values
  (
    'b0000000-0000-0000-0000-000000000001',
    'Potato___Late_blight',
    'critical',
    'Nashik',
    'Maharashtra',
    78,
    now() - interval '5 days',
    now() - interval '2 hours',
    true,
    'Immediate fungicide spray and isolate affected plots.'
  ),
  (
    'b0000000-0000-0000-0000-000000000002',
    'Tomato___Septoria_leaf_spot',
    'medium',
    'Mysuru',
    'Karnataka',
    34,
    now() - interval '7 days',
    now() - interval '1 day',
    true,
    'Start preventive spray schedule and remove infected leaves.'
  ),
  (
    'b0000000-0000-0000-0000-000000000003',
    'Pepper__bell___Bacterial_spot',
    'low',
    'Coimbatore',
    'Tamil Nadu',
    12,
    now() - interval '4 days',
    now() - interval '12 hours',
    true,
    'Monitor field closely and improve airflow in dense canopy.'
  )
on conflict (id) do nothing;
